mean_fit_time,std_fit_time,mean_score_time,std_score_time,param_algorithm,param_learning_rate,param_n_estimators,params,split0_test_score,split1_test_score,split2_test_score,split3_test_score,split4_test_score,split5_test_score,split6_test_score,split7_test_score,split8_test_score,split9_test_score,split10_test_score,split11_test_score,split12_test_score,split13_test_score,split14_test_score,split15_test_score,split16_test_score,split17_test_score,split18_test_score,split19_test_score,split20_test_score,split21_test_score,split22_test_score,split23_test_score,split24_test_score,split25_test_score,split26_test_score,split27_test_score,split28_test_score,split29_test_score,split30_test_score,split31_test_score,split32_test_score,split33_test_score,split34_test_score,split35_test_score,split36_test_score,split37_test_score,split38_test_score,split39_test_score,split40_test_score,split41_test_score,split42_test_score,split43_test_score,split44_test_score,split45_test_score,split46_test_score,split47_test_score,split48_test_score,split49_test_score,mean_test_score,std_test_score,rank_test_score
1.5313057804107666,0.0720319020309949,0.07995023727416992,0.005599747933590863,SAMME,0.3,150,"{'algorithm': 'SAMME', 'learning_rate': 0.3, 'n_estimators': 150}",0.9495858441698338,0.945852414629921,0.9564648443084287,0.9430133282536971,0.936593323304631,0.9401836999770332,0.9536070969896994,0.9408325398037654,0.9508737329744339,0.9422556971677561,0.9523398098664796,0.9423023524925587,0.9483680019625227,0.9382610407746983,0.9561056535947715,0.943398123146004,0.9396996871698289,0.9434441304272149,0.9439305183113238,0.9502438869868935,0.9506340916278914,0.9450021387349509,0.941076998495627,0.9326501750476319,0.9529065988864683,0.9382948306552817,0.956693334090167,0.9497797440009113,0.946887095816306,0.9397026660787775,0.9508626038045846,0.9499367673347985,0.9514329163891423,0.947094532680423,0.9441947025970885,0.9490397478544763,0.944150820611323,0.9466879507786408,0.9510158838390508,0.9488057995296885,0.9450902354600818,0.9482595990209877,0.9526304737580169,0.9341889959168663,0.9511979501677217,0.9437972705469793,0.9506519966620426,0.9495465536166121,0.9450280396804945,0.9388449016149671,0.94626882283219,0.005651755080525586,1
0.9431910610198975,0.037763910682874054,0.057096457481384276,0.0021317673600315355,SAMME,0.3,100,"{'algorithm': 'SAMME', 'learning_rate': 0.3, 'n_estimators': 100}",0.9418920159760107,0.9469183753730945,0.9546589980042832,0.9458782464088207,0.9349462784867036,0.9323701777633229,0.9535787001365454,0.9437434432663462,0.9479267916886567,0.9389680361033305,0.9521274837575762,0.9425700745388715,0.9472409142724765,0.9397779790726093,0.9497074881557565,0.9424895942552312,0.9466996077535474,0.9488236275871584,0.9413047923992799,0.9475835154061627,0.9510501486461742,0.9502590201858314,0.9407443177897333,0.9380243832769046,0.9484710033890101,0.942987918228486,0.9534083192404811,0.9465199802833644,0.9443788245011907,0.942028440882526,0.9492690209766511,0.9501244845922885,0.9494793238503496,0.9478823987298682,0.9440094081336239,0.9435341187199082,0.9451748428274677,0.9440082255078194,0.9521098800856338,0.945982552131964,0.9446018341650984,0.946266909664665,0.9518749649937941,0.9391230699242934,0.9521628455579764,0.9373525707937315,0.9487722192509368,0.9530797271818118,0.9408879117693086,0.9426984635335618,0.9457094653844047,0.005042216145883781,2
1.558850588798523,0.01762469684061752,0.08004883289337159,0.0026073265144794092,SAMME,0.1,150,"{'algorithm': 'SAMME', 'learning_rate': 0.1, 'n_estimators': 150}",0.936381493173849,0.9408393726089244,0.9441473995320241,0.9372956400337579,0.9300095639243354,0.928017401692934,0.9406654285883436,0.9341840365989491,0.949222090366878,0.9340982237092371,0.9411206939719386,0.9373059079395365,0.9377429931333507,0.9290860613361186,0.9431669609572226,0.9363272271940692,0.9376807352938112,0.9366286120906351,0.9304880104788896,0.9428212981982919,0.9400377891906787,0.9396064679998238,0.9304452973734824,0.9345690448441045,0.9400167164643637,0.9313246122065756,0.9427569732414824,0.9390783223030306,0.9310207310054333,0.9327792367811325,0.9403407704725384,0.939648865262573,0.9398201109668672,0.9391360004297875,0.9306096669779022,0.9341212103616284,0.94048150090376,0.9345936824355416,0.944746202838895,0.9347810576823324,0.9333551701587155,0.9428443297137139,0.9433799432493423,0.9273677047401965,0.9425822263720303,0.9316291114013421,0.9387058696387589,0.9438866265359325,0.9344044618082187,0.9304075552443203,0.9371141281885522,0.005042527220934398,3
0.5155346250534057,0.0061422401431016505,0.04851860046386719,0.00047352731339476794,SAMME,0.3,50,"{'algorithm': 'SAMME', 'learning_rate': 0.3, 'n_estimators': 50}",0.931576180031841,0.9394558466813583,0.9405471919309795,0.9373821557393256,0.9281460734170214,0.9261330160203265,0.9430487116092842,0.9335397641052614,0.9457085811452453,0.9328184453781517,0.9406162931544113,0.9355029570056834,0.9354722254816956,0.9293551576109069,0.9375134875678668,0.9335214851016248,0.9349556005154002,0.9434052561081708,0.9234395637932572,0.9396117513919149,0.9388254570199741,0.9405879249610967,0.9307803411569943,0.935699558628664,0.9389675969153094,0.9296554077846653,0.9446418524383088,0.9377143937848469,0.9291888078397061,0.9328351227651558,0.9426412076810644,0.943526197082328,0.945479677993605,0.9326711484926333,0.9273405195905525,0.9344216329505161,0.9428293781584811,0.940565515568542,0.9367831240444622,0.9337542321125981,0.9323996940550989,0.9417439401794715,0.9394365676691383,0.9276518407711472,0.9393691307881179,0.9331325365363089,0.932391291741198,0.9402770069542171,0.9335774956979996,0.9305316045924545,0.9360233989948877,0.005441103802017272,4
1.0356529712677003,0.012451005167143123,0.06464290142059326,0.0014797329491055197,SAMME,1,100,"{'algorithm': 'SAMME', 'learning_rate': 1, 'n_estimators': 100}",0.9291700234949399,0.9351212077653054,0.9366302248682778,0.9350200955800089,0.9293532446311861,0.9411139051780294,0.9350973423314086,0.9256302214496085,0.9430471885718925,0.9263158899609225,0.9385111212935999,0.928907133383907,0.9295337431846231,0.9284312081524178,0.9488709658678287,0.9352852220540852,0.9319514695315988,0.9396500714446082,0.9287559208613771,0.9240694807552653,0.9322064964724609,0.9294514249762456,0.9283161179189777,0.931343403342281,0.9411221540962066,0.9235125625536933,0.9421386221389929,0.9560117589181697,0.9382048113418225,0.9201904753259331,0.9397890621884308,0.926998220850205,0.943332121124719,0.9276687944818216,0.9306331832486082,0.9465758740445965,0.9415906429992109,0.9371693768723954,0.930723163693037,0.9384091868105271,0.9276287544570814,0.9312084520273565,0.9558966061639349,0.9310490270206204,0.9363757763599266,0.9274738506209272,0.9382529133222712,0.9373029527572788,0.9323656426823135,0.9220685608811428,0.9343095134010416,0.007763202180403959,5
1.5523082780838013,0.02250558230359414,0.07924571514129639,0.0008762698477968437,SAMME,1,150,"{'algorithm': 'SAMME', 'learning_rate': 1, 'n_estimators': 150}",0.9318298509789749,0.9304624642516697,0.9357916603745183,0.9409281301872833,0.9310672317321993,0.9455003798487318,0.9347389009172182,0.9322552473988905,0.9356174452191869,0.9292385088356331,0.9395915304625067,0.9311771483733822,0.9350171258624446,0.9310033218166522,0.94257142839852,0.9374788910309112,0.9333051053080282,0.9421706657099691,0.9311841557118413,0.9230554403983816,0.9336010712918744,0.9288149049283925,0.9230708052639048,0.9351390444563071,0.9401484578275756,0.9203977276246185,0.9400227035403803,0.9484305590992582,0.935285677195898,0.9228985880278039,0.9398777281322946,0.9274464050582699,0.939915267862661,0.9306192447329835,0.9362564375626796,0.9419188113993465,0.9350656300184316,0.9344055329539858,0.9217629326782403,0.921942757374555,0.9224507603844311,0.9308636990182879,0.9536139609482003,0.9266716801052848,0.9384601608050632,0.9234741586807729,0.943445534732934,0.932142281655785,0.9215469591095914,0.9257686810526682,0.9333888559267883,0.007490333360690738,6
0.515104947090149,0.006336102244779466,0.04918692111968994,0.0009739254821425187,SAMME,1,50,"{'algorithm': 'SAMME', 'learning_rate': 1, 'n_estimators': 50}",0.9281257761793789,0.932142405037232,0.9370886177372462,0.9322796382574812,0.9287403803990736,0.9299004233376984,0.9307143136944012,0.9229018261194295,0.9413073226434532,0.9292912753743474,0.9503913627333589,0.9339862042876257,0.9294030106566161,0.9227697858431702,0.952034340699243,0.9422424597015301,0.926382446035511,0.9389746155822255,0.9368915989321669,0.9265420626275203,0.9299017263240948,0.9285872882713961,0.9168306334174947,0.915860199341413,0.9434877769132347,0.917510219277524,0.9326900252604393,0.9522519160895054,0.9317869495209516,0.9222034092402394,0.9384087816088249,0.9334141462806007,0.9442719433909399,0.9327880833413149,0.9210758541688283,0.9468232366958536,0.92762503408231,0.9298329877905285,0.9450844931607711,0.9331950774630842,0.9351425873035597,0.9366222649534637,0.9367413499627372,0.9290341769669906,0.9381102221876405,0.9211248669314849,0.9415609116583512,0.9377673815505633,0.9307389431181488,0.9123993460594114,0.9326996339642082,0.009053057653049432,7
1.0267971706390382,0.012137407846199424,0.06449194431304932,0.0020562384841308653,SAMME,0.1,100,"{'algorithm': 'SAMME', 'learning_rate': 0.1, 'n_estimators': 100}",0.927357057596349,0.9225118926689456,0.9326818734181836,0.9193130556602727,0.9206226010651175,0.9111664131017454,0.9343562042083988,0.9197930981400553,0.9384379946947167,0.9261830376595085,0.9328788262654679,0.9249933130198364,0.9296003579881044,0.9111112036158721,0.9349937910225821,0.920854694535753,0.915289747935263,0.9311177956722083,0.9181719116410187,0.9378842966075321,0.9294584824171496,0.9306041393655787,0.9254683659320568,0.9272945213651035,0.931579106062178,0.9100028862196684,0.92951469263052,0.922814307321952,0.9192312225730526,0.9260991869834356,0.9352114074563029,0.9230927996131323,0.9244824470715466,0.9296220978755383,0.9160091653698519,0.9223949395192144,0.9343185086302052,0.924507280384973,0.9163640773852881,0.9244724333437082,0.9240524066894068,0.9307877296618964,0.9321283277535729,0.9224625886323106,0.9292951378082099,0.9252543656139511,0.9315857477381654,0.932491901841922,0.9182736448960955,0.9228849837465853,0.9256215613683899,0.006857948138226262,8
1.7252479791641235,0.01746683243177845,0.12356999397277832,0.002314671262238324,SAMME.R,0.01,150,"{'algorithm': 'SAMME.R', 'learning_rate': 0.01, 'n_estimators': 150}",0.9077402422913083,0.9274479066132277,0.9371916686121512,0.9345361589741422,0.91147844555106,0.9217802259431652,0.9273105452843126,0.9231854443532201,0.9283969925973372,0.9149653980357577,0.9241871533094042,0.9293865746569931,0.9235309284322494,0.923031212258367,0.9218638434139091,0.919632524451707,0.9229866399350148,0.9216647386575729,0.910132077370099,0.9276660191236992,0.9245158397706822,0.9353498403088676,0.9252755469735929,0.9066039484498815,0.9280379221565171,0.9129592077551207,0.9288890318760818,0.936708079534117,0.9154189830429422,0.9209993285956358,0.9238622497575086,0.9236309630810343,0.935344762259278,0.9251899291151598,0.9309957576857906,0.9178267277473365,0.9266203635647727,0.9185258550191582,0.9214464767652236,0.9299319230902238,0.9287638556033044,0.923010550252984,0.9203754687340744,0.9040242842182226,0.9252394292284816,0.9086580517105739,0.92291018612482,0.936026531433032,0.921898113810926,0.930780875782412,0.923358696466249,0.007855613361438819,9
1.146530728340149,0.011086124221467073,0.09364663124084473,0.0015145282280852107,SAMME.R,0.05,100,"{'algorithm': 'SAMME.R', 'learning_rate': 0.05, 'n_estimators': 100}",0.9292936504760748,0.9306369355820966,0.9259202837826137,0.9234482431804271,0.9068801165404435,0.9152038179251987,0.9316655142670006,0.9027217865325342,0.9311834450940554,0.9231772778988141,0.9110532839122705,0.9138085272338063,0.924298492368105,0.921677413916002,0.9267665793477885,0.9152703452350671,0.9123625697793827,0.9220862333741222,0.9183800507307602,0.9206373043538406,0.9236534645650891,0.925684079146041,0.9168772610677982,0.912599067591319,0.9195135043400077,0.9075939984958934,0.9311591812169118,0.9326594691147024,0.9105463531603023,0.9126605185531004,0.9265074982753673,0.9271162550954368,0.9242573448343567,0.9222000920158362,0.9065053044921674,0.9225558494749126,0.9305188313252895,0.9208726027240312,0.9196202384953898,0.9162787438185152,0.9300503041804042,0.9312377303377202,0.9162477759544869,0.9124308756131787,0.9188325606044889,0.9023736239084481,0.9247776667153282,0.9326084656974629,0.928598565591423,0.9229939964380817,0.9207200618874778,0.008070633116451013,10
1.7238758325576782,0.018755172870969294,0.12209705829620361,0.0008053016989130758,SAMME.R,0.05,150,"{'algorithm': 'SAMME.R', 'learning_rate': 0.05, 'n_estimators': 150}",0.928548415333179,0.9332593126565965,0.9209534785824596,0.9158096559707202,0.9018544034650899,0.9160587827013977,0.9319123627906007,0.9034076091146808,0.9292941272271225,0.9225586094684788,0.9106537584398741,0.9117348399115632,0.9303519252929764,0.9216894793643267,0.9233152294498049,0.9213410743871817,0.9201381326039737,0.9149139158574233,0.9178732652032883,0.9169638646816752,0.9239273127078096,0.9270869784788118,0.914854522735164,0.9164789370478281,0.9183597727980082,0.9099974622447566,0.9287266609817225,0.9358243928474949,0.914263784921314,0.9055315660338212,0.9284765937754015,0.9244523403082268,0.9329722052408032,0.9217132846944842,0.9076338295812153,0.9243013093724596,0.9244769463070277,0.9200055319416478,0.9239205165476865,0.9137872341529206,0.9287963453311422,0.9312162497545892,0.926134506896233,0.9084855750473203,0.9207482375419305,0.9006345343399536,0.9225403730612974,0.9270595940189775,0.9235176930325789,0.9238298333160425,0.9204477273512215,0.008422668595837679,11
0.5691703891754151,0.0048108242478693075,0.06411646366119385,0.0010376730483574942,SAMME.R,0.1,50,"{'algorithm': 'SAMME.R', 'learning_rate': 0.1, 'n_estimators': 50}",0.9286794709848264,0.929638282650268,0.9133862327104344,0.9239303807427275,0.9031935147145279,0.911913097081986,0.924800050261692,0.9026580690920121,0.926369583351917,0.9224094759138222,0.9127921654406395,0.9009714442585679,0.9228365068174647,0.9215580682782394,0.934993214717986,0.913973114763948,0.9082876206553335,0.9203230037872909,0.9107527953107606,0.9206345393713041,0.9261588120933336,0.9218208397994869,0.9228418308482723,0.9075999814185254,0.9146139710205071,0.9007228156603023,0.9285777561892969,0.9257129552368681,0.9151378407670256,0.9115818271259123,0.9238948369867442,0.9235018823954182,0.9355864238544379,0.9229905041378682,0.90705631012899,0.9095308473752896,0.9291782447682451,0.9190877051073001,0.923148130314187,0.9140784782307987,0.9219722062292075,0.9274921471649776,0.9191893607966725,0.9058672276790141,0.9243621945568351,0.9009307104142403,0.9286441610262666,0.9273875829088434,0.9211750842403186,0.9239723389355744,0.9187583127663302,0.00900848651008747,12
1.5464422607421875,0.014240322923877342,0.07855567932128907,0.0008208647294368278,SAMME,0.05,150,"{'algorithm': 'SAMME', 'learning_rate': 0.05, 'n_estimators': 150}",0.8957587666097672,0.903569310495631,0.9272014204329138,0.9173021353286904,0.914703025901719,0.9112046205678498,0.9298458473146161,0.9142082733340816,0.9313183657727067,0.9198084318912754,0.9239236622666123,0.9216832659620959,0.9210978544595699,0.8942207160511206,0.9257996840958606,0.9153348466998891,0.9141589438817945,0.9270341531861845,0.8932670324777197,0.9334681939689459,0.9251141814022759,0.9165956913095934,0.9201572132956745,0.9176259158134297,0.9000209281737389,0.9068580210605915,0.9277579358198553,0.9237049944592114,0.9230953297532254,0.8952704751530242,0.9225316165777471,0.921896952577649,0.9152378322699724,0.9229434459524759,0.9143411835598438,0.8959823478231888,0.9258180176521659,0.9171765145248957,0.928913230328486,0.915277490922295,0.9174393175200777,0.9076949892738991,0.9260822885023616,0.9162046177168139,0.9258866919113325,0.917902654236542,0.9257609782646206,0.9318684292731199,0.9142089104088162,0.9177092592592594,0.9174397201099046,0.010234693976875245,13
1.143758978843689,0.009105307536767483,0.0934181833267212,0.0011372121654374184,SAMME.R,0.1,100,"{'algorithm': 'SAMME.R', 'learning_rate': 0.1, 'n_estimators': 100}",0.9287798754841404,0.9308206178640189,0.9191273078474855,0.9149225004382732,0.8989685404779196,0.9150544879486768,0.9207994791709323,0.9005225283590447,0.929736960558059,0.922254097762562,0.9107745111689409,0.9039360423032603,0.9272627615089661,0.9219070751814412,0.9198098554483524,0.9196976021330764,0.9091196147930368,0.9071766437505231,0.9114497847750636,0.9102847084759832,0.9247296584309856,0.9123139708371424,0.9106383795152182,0.9120135656142832,0.9177962781408862,0.9101148587417015,0.9193482688649072,0.9401817491699556,0.9069806045545634,0.8947369642424874,0.9295194572062633,0.9225276660216755,0.9276431848606851,0.9176438252840262,0.9066283935055507,0.9177938809972371,0.9228477915927786,0.9223658936257563,0.91835566774144,0.9089680418093165,0.9210293839907362,0.9288374625063947,0.926621529932385,0.9056691692257676,0.9248266128920706,0.9012709917863374,0.9278570925575644,0.9194199494580279,0.9136292161271051,0.9226170168067229,0.9171466304297947,0.009440240286461185,14
0.5726573753356934,0.006566670353568731,0.06406751155853271,0.0011452683351923989,SAMME.R,0.05,50,"{'algorithm': 'SAMME.R', 'learning_rate': 0.05, 'n_estimators': 50}",0.9144123815275835,0.9131329837724357,0.9224810011021229,0.9229915235549395,0.9048362440778781,0.9137567623487441,0.9250040554118607,0.9046134216890683,0.9203059865082601,0.9171094786803612,0.9159381664854311,0.9071588635629289,0.9129124365896004,0.9151595936990595,0.9236385517169833,0.9163426479371719,0.9126376163535719,0.9168744603127804,0.9109246384871585,0.9191130876301139,0.9214757895392991,0.9277670122082782,0.9073707338099751,0.9059449701217744,0.9189224938617425,0.9069002349538545,0.9288357143119004,0.9285013558581741,0.9090270562462436,0.9082426221599752,0.9101302845214481,0.9241293723540837,0.920304763246546,0.9076419985046288,0.9176507129024453,0.9105830885351806,0.9270519783629801,0.915906522764908,0.923101303251704,0.915791473527683,0.9308567141964253,0.9200699003010877,0.9083470690537488,0.9103991877660628,0.9121686879690152,0.9064038191553877,0.919919886444189,0.9348863944912693,0.927049162879827,0.921408285956358,0.916722649814085,0.0075448986504835554,15
1.1523572063446046,0.02199848310074698,0.09352644443511964,0.0012113203553545003,SAMME.R,0.01,100,"{'algorithm': 'SAMME.R', 'learning_rate': 0.01, 'n_estimators': 100}",0.8923204479497256,0.917641865620498,0.9351842731330858,0.9279295599743784,0.9026461989487152,0.918099801673242,0.915678710306777,0.9162290383342209,0.9190296997671888,0.9127770593422555,0.9169125673429621,0.9248301293761093,0.9188747311661695,0.9202895131687695,0.9144555467372134,0.916458368034081,0.9216615213340356,0.9251172887410167,0.9002980717373384,0.9235430208873676,0.919734055108882,0.9264010554754762,0.920358751611178,0.8949581635213985,0.9205410950306049,0.9061895345944041,0.9161205150819451,0.929025673380085,0.9012342344494568,0.9235835556938827,0.9191064255059288,0.9185958518916102,0.9292668178647447,0.911991825554457,0.923157296227133,0.909300015623624,0.9151671053505277,0.9176429050403841,0.9187602447277279,0.9232927774319606,0.9201217596677903,0.9184000962957235,0.9114504084014273,0.8911482755693012,0.9234462224642943,0.9048476184748679,0.9166440700101044,0.9267880774795596,0.9147134449772233,0.9223580414634991,0.916686466550887,0.009266985732711527,16
0.5694762992858887,0.004815974363043541,0.06370304584503174,0.0007968706429557795,SAMME.R,0.3,50,"{'algorithm': 'SAMME.R', 'learning_rate': 0.3, 'n_estimators': 50}",0.9241421049335006,0.9278822265013635,0.8981250617559894,0.9128533911185883,0.895618428778919,0.9096160997450665,0.9239344324158921,0.904633928535602,0.9296708393800927,0.9177696849604041,0.9165419466447167,0.907899111949467,0.9209593277401765,0.9082916401835639,0.9141496981014631,0.9239732880935762,0.8957855137726964,0.9022703625326622,0.9000598030887886,0.9297491285403053,0.9254396041519015,0.9160030553260932,0.8897358306530269,0.8942661042185467,0.9272929318394025,0.9024192527463887,0.9231608147943338,0.9317720623087095,0.9048159291410883,0.8848241971850471,0.92658933323786,0.9015693621658004,0.9214140948409181,0.9145735820794556,0.9233122085624375,0.9230059906084648,0.9123991624440482,0.9216383737094267,0.8878061184779098,0.897945201092783,0.9240422821888133,0.9195733758136339,0.9200839646090527,0.8951666159399142,0.9303503472006088,0.8996547490317915,0.911884851963293,0.9085520338232442,0.9006148328830216,0.9119213779091885,0.9123150731943808,0.012538479123067402,17
1.0524442768096924,0.040246635380675556,0.06479201793670654,0.0031298260294691112,SAMME,0.05,100,"{'algorithm': 'SAMME', 'learning_rate': 0.05, 'n_estimators': 100}",0.8909365031561538,0.8958179047845473,0.9260063344604893,0.9132446897037063,0.9074368945602932,0.9066546797333694,0.925413594857266,0.9093861872123113,0.9269771128798407,0.9155921682747177,0.9166964591381168,0.918853339132605,0.9131613294047602,0.885885613230734,0.9233109712279974,0.9134811895344385,0.9118249533556098,0.9233916915200464,0.8862777322378028,0.9091031624995677,0.9218444032241961,0.8935267070536401,0.9136913133899993,0.9134794678680539,0.894058055123284,0.9046151700163076,0.9254163599411976,0.9220211455351193,0.9143312041035674,0.8906083169070099,0.9186326374530414,0.9195973661496073,0.8962182009738806,0.9184825389311777,0.9096532408271952,0.8859639549589005,0.9233437199845426,0.9155943568108027,0.9253354211014825,0.9094578977763946,0.9107959380538742,0.9058463347213186,0.9160623624096607,0.9111020531738276,0.9224925604315801,0.9122512095326994,0.9199343852252155,0.9259054545519083,0.9075935270736485,0.9109549439775912,0.9115652551637021,0.011365115063465672,18
1.7188437652587891,0.01813600999947469,0.12340307712554932,0.0028671709389890584,SAMME.R,0.1,150,"{'algorithm': 'SAMME.R', 'learning_rate': 0.1, 'n_estimators': 150}",0.9236925873408885,0.9255220740546408,0.9080803617881485,0.9145529305046812,0.8925206579174881,0.9144622472302719,0.9158332033110405,0.8889929083583569,0.9261837337193105,0.9190766343327457,0.9049098837144841,0.8997873811417565,0.925817394725085,0.9133821122784997,0.9043117503544629,0.9179186116273392,0.9038883539126468,0.9036732485628474,0.9032210134853077,0.9083069210153197,0.916372010778462,0.9071525456729143,0.8958469635332496,0.9055968045830521,0.9033259447729712,0.9003396102281884,0.9072474731899849,0.9339828981730287,0.9003314970154135,0.8840227008334199,0.9196097165124009,0.9177683034945069,0.9214492262999732,0.9101963123506719,0.9127492639277933,0.9127631855848406,0.9233212110123807,0.9229421528876436,0.908017451376999,0.8943683782895876,0.9107584030576972,0.9137769373602993,0.9216822756427776,0.9022757163442598,0.9248838323477541,0.8958374513522346,0.9215535091962149,0.9063411404311269,0.9037626154712729,0.9175432254383237,0.9105990553306951,0.010694284209757352,19
0.5121713781356811,0.004251158858859966,0.04896298408508301,0.0012309471578966446,SAMME,0.1,50,"{'algorithm': 'SAMME', 'learning_rate': 0.1, 'n_estimators': 50}",0.8900021668376394,0.8897183068836554,0.902793747820534,0.8921637825882567,0.9054332570806102,0.8895101211075451,0.9271516515572372,0.8845349617209763,0.9259721631456321,0.9165820264896085,0.9184839450242321,0.8994407955075545,0.8868238126154452,0.8849035820307133,0.9218192203548089,0.9071778043516444,0.8918144572576882,0.9207900154081381,0.8841530632713914,0.9086820289103297,0.8917634596361987,0.8961065084211178,0.9166300139266917,0.9129248448969655,0.8905642831206559,0.8876360150797555,0.9042965015618109,0.9020325695048399,0.916245906074846,0.8850687102742333,0.9195916884593434,0.8971827859376417,0.9166772475435152,0.9183725816067263,0.8813271333471663,0.887698037401603,0.9230544132347485,0.9119055567693684,0.9004108775778705,0.9116320273541518,0.9095921377903574,0.9057262256909098,0.9143560584094222,0.9145813345384651,0.89669032627866,0.8861533473126938,0.9173052927112868,0.9015924411340819,0.8908019963693867,0.9076253866237854,0.9032699323710388,0.013181533301021854,20
1.154767255783081,0.03369776335207873,0.09432304382324219,0.010396541667827407,SAMME.R,0.3,100,"{'algorithm': 'SAMME.R', 'learning_rate': 0.3, 'n_estimators': 100}",0.902576506355091,0.9148554751152307,0.8873737010398874,0.8766011735444497,0.8989670538091781,0.8996967280191148,0.9378540339665674,0.8893433621889184,0.9286830633311599,0.898151903724453,0.9028601842210356,0.9017320753402105,0.9127471181448652,0.8921550404393231,0.8948425230833076,0.9074176455222014,0.8827479000622483,0.9040571295701205,0.8954892352370007,0.9243351232838816,0.893582168289129,0.8965911971971569,0.882662213935148,0.896265122779436,0.9100634085486048,0.8938664409247442,0.9279331971233231,0.9099191252934942,0.8906084956838729,0.8664071632603659,0.919905160668765,0.8821102291078935,0.915529826814254,0.874269342154542,0.9212952104298511,0.90659884980888,0.9192071061292022,0.9249514214611345,0.8928884239160956,0.8733992464640179,0.9272307369023057,0.9003587659211284,0.9106652157504527,0.9043620482089743,0.8845979878618114,0.8916116813940022,0.8823944238092485,0.8893712900477235,0.9105757807063715,0.9106452809765881,0.9012470707513353,0.015982254487469903,21
1.7201433753967286,0.01842726783674645,0.12263031005859375,0.0010856717866454036,SAMME.R,0.3,150,"{'algorithm': 'SAMME.R', 'learning_rate': 0.3, 'n_estimators': 150}",0.9111422102238673,0.9208388114688788,0.8813024466350553,0.8867679560907321,0.912267559048311,0.8939096193464078,0.9332896999757182,0.8927540454581073,0.9266294356477973,0.898366874329979,0.9057141207864923,0.8939273159727135,0.90714126236641,0.8867996410453161,0.8930555662758932,0.901972482186021,0.883650937495999,0.9004029830753307,0.8928032713984668,0.9265603172874088,0.8913132426409873,0.896026351507828,0.8778528201709304,0.907781826127172,0.8939143002386142,0.8865277543077983,0.9205441165466859,0.9063391271836234,0.8984114998342694,0.8384814909914585,0.9100861760701637,0.8921853452211941,0.9172151106493478,0.8741753672163719,0.9133255501953869,0.8947310026799735,0.9200678657310588,0.9097591966539372,0.8936724287451308,0.8665955000518727,0.9215403500063953,0.9010850536563565,0.9094443166095758,0.8950763655077416,0.8611785385759244,0.8876551565319202,0.8616826956847763,0.8973368427080135,0.914229311319201,0.907247708095584,0.898295579351484,0.018129163609229098,22
0.4617029857635498,0.005671296121083139,0.043479208946228025,0.0005186049683160341,SAMME,0.05,50,"{'algorithm': 'SAMME', 'learning_rate': 0.05, 'n_estimators': 50}",0.8528517757673324,0.8579608171076242,0.9143720696237588,0.895497102817095,0.8989457471383618,0.8911904620054155,0.9169554328129959,0.8889651783157602,0.9145700533150197,0.8964685439360931,0.9055073276312064,0.9061278038184513,0.9034267018778056,0.8521098266835627,0.9160008849465715,0.9041051081784698,0.9010492562019496,0.9117231698738408,0.850472597553239,0.8739226114396377,0.9089499692135157,0.85808244944416,0.9003950104408716,0.9000951340619443,0.8596025566275894,0.8458832494748879,0.9041768405698256,0.9100876051830639,0.890561356061703,0.8576006931908567,0.9038391123749072,0.9046645785098695,0.8593780001302609,0.9006132254005154,0.9040674177819277,0.8530161149641993,0.9090124673533284,0.9034613385925226,0.911211250423779,0.8933648181000798,0.8965360404334619,0.8695860305479345,0.9054080150823415,0.8911993256887468,0.9091471208977421,0.89930988590743,0.9111974068238478,0.9162419702678987,0.8947718617621538,0.9008551284711418,0.8924907688965341,0.021047981474093338,23
0.5718310832977295,0.004340786866744184,0.0638080358505249,0.0005669549741525596,SAMME.R,0.01,50,"{'algorithm': 'SAMME.R', 'learning_rate': 0.01, 'n_estimators': 50}",0.8523347415655247,0.85320631796133,0.8721872243367012,0.89105980903442,0.8514376655600514,0.8878856957236767,0.8623786822809751,0.8559777000127793,0.8828748749766685,0.8521369692568388,0.8628159849875925,0.8597363105112201,0.8544944295551478,0.8796876759927754,0.843922158591832,0.8527990292270525,0.8408479345465427,0.859125130678487,0.8585422569911852,0.8716020562298995,0.8854066145594681,0.8614121558480619,0.8504445308959465,0.8483051736737469,0.8570870344434072,0.8492033385414681,0.8812668093886558,0.8973546626492416,0.8252689216262035,0.8650979959885189,0.8473414170683806,0.8822099778629482,0.8765339647713514,0.8487795435765388,0.8737410225818724,0.8630328080504018,0.8485864744857284,0.8627063010005929,0.8595964540290912,0.8807393996610994,0.8785704659596266,0.8806566566940008,0.8482894847428616,0.8465899029144982,0.8582083250337174,0.8493516187009374,0.8877560667570565,0.855648304380192,0.8568215562883708,0.8798864641906146,0.8630189218877059,0.015336294807038898,24
0.5682939577102661,0.0037775094299287745,0.06381265640258789,0.0011004394168624876,SAMME.R,1,50,"{'algorithm': 'SAMME.R', 'learning_rate': 1, 'n_estimators': 50}",0.9172805461210418,0.9129417202609563,0.9047596276900174,0.8468805498369532,0.8902970672960544,0.7528767383426744,0.7998426887707571,0.7996374259746775,0.8998941729410198,0.9042974451014976,0.9045164983452674,0.8573753576838783,0.9039760742674124,0.8046977648017892,0.7973423079849227,0.7641073533960901,0.829627382952274,0.8746675730581416,0.7968959658303797,0.743616390185704,0.8291396012758886,0.7832321698274224,0.9027502293825022,0.8968109174724583,0.8682882307984924,0.8923096660334199,0.9015176013367963,0.8963149424410715,0.9071522248440924,0.8801483717190581,0.8037983820852024,0.8609692008015439,0.7765747017845455,0.8862060398877016,0.7669397579278625,0.886315164410256,0.8550445489124565,0.7769562853473888,0.8838848746488995,0.8116532083203652,0.8797433094847141,0.8677233693010976,0.9352900050980875,0.9205262949271802,0.7595250252446659,0.9014544269050017,0.8174115356054547,0.8708054866034184,0.736881044201328,0.8144883542552824,0.8495077124345032,0.055188272008893154,25
1.1319121360778808,0.013199236087483876,0.0934048318862915,0.0017721739337353561,SAMME.R,1,100,"{'algorithm': 'SAMME.R', 'learning_rate': 1, 'n_estimators': 100}",0.9051576013822602,0.9131021336169631,0.9162311241761938,0.7813252179461028,0.8789634543694023,0.8895458211274118,0.8946365932017588,0.7976987271064949,0.8726919296950554,0.8925795328007747,0.9159626392583217,0.858946811237951,0.8101845824140768,0.7226441586267949,0.8644829416951968,0.8832873014301852,0.8551171790855424,0.8309648716352331,0.8450014356964353,0.7565985677974896,0.8605834792093534,0.7897634755372837,0.8835293109636639,0.8726456719411635,0.8635006987239341,0.8698436054844727,0.8871525166230689,0.9256034066091934,0.7758989833082273,0.8777413006190132,0.804866665545679,0.8783121684095848,0.7749247475247543,0.7995315680597841,0.8116595015043054,0.8602665529432645,0.7993897975629174,0.8150707096338683,0.8372732317390736,0.8882551239755164,0.8789310397683912,0.8498989454839375,0.8919578495293466,0.8722359156397355,0.8212237944807554,0.8643072120290919,0.8177218419611988,0.8788596671987057,0.7438143236996804,0.7419641921706956,0.8464369984435862,0.04978009559585959,26
1.4724581384658812,0.0951328636694713,0.07380403518676758,0.005324753680937901,SAMME,0.01,150,"{'algorithm': 'SAMME', 'learning_rate': 0.01, 'n_estimators': 150}",0.8327810369430791,0.8545070990545003,0.8637001238007403,0.8597704638644943,0.828852448559671,0.833105980164115,0.8628842201988064,0.8554213694840506,0.8521670911479771,0.8439451525054469,0.860639668195277,0.8557045322427262,0.8502628574119997,0.8380440821467877,0.8565959579140301,0.8469801848410331,0.8394977015689022,0.857151097144075,0.8458302980443373,0.8515288726354739,0.8694719579126466,0.822905538283322,0.8358658947403352,0.8348870205752235,0.8413636801881246,0.850107595199557,0.8590215085521038,0.8580170307406906,0.8232007890523778,0.8467376067711037,0.8488424947262608,0.8352661924555246,0.8101506911656138,0.8636764794165336,0.8379909382024415,0.7955857595943354,0.8519467382511902,0.8527992214105243,0.853247925870847,0.8443704260469623,0.838598357588394,0.8128730886369162,0.8496541548295744,0.8528465815953433,0.8537528815229797,0.847829014996417,0.8503488781093571,0.8618521965057411,0.8500517722665061,0.8395466320849329,0.845643585703188,0.014540451726142219,27
1.6578814315795898,0.11360794856069723,0.11861648559570312,0.014119968079216349,SAMME.R,1,150,"{'algorithm': 'SAMME.R', 'learning_rate': 1, 'n_estimators': 150}",0.8514546571197309,0.8853236827118198,0.8976594152526662,0.7786983427097212,0.8813857877718991,0.9148168612410137,0.9019994336561654,0.7759983832173314,0.8451104619550677,0.8508997646713007,0.9253111565345054,0.8641793940255802,0.8044421971514504,0.727074364224268,0.8721532014040185,0.8575418366631397,0.8868291542284134,0.8532375211967496,0.8730130992694125,0.7472070161150882,0.8388755680807523,0.7796383639162905,0.8838666540410559,0.8670213587981529,0.8733031106269671,0.8805066295991981,0.8815687208071761,0.9325781991319072,0.7809709953142742,0.8831604744613896,0.8050798921774941,0.8988024259974695,0.7722575312205924,0.7429806545795155,0.8002774833143135,0.8730935952802549,0.8043240788460709,0.8152476943340876,0.8318083808600949,0.868104579313207,0.8736588169238313,0.8634518228599504,0.901182947202123,0.885098933058142,0.8124937337898124,0.8735602923406146,0.8151117562695042,0.8751459014007963,0.739576495662008,0.7812490389736143,0.844566637206,0.051465273528672854,28
0.93544424533844,0.028199856885048884,0.05834413528442383,0.003153403494009297,SAMME,0.01,100,"{'algorithm': 'SAMME', 'learning_rate': 0.01, 'n_estimators': 100}",0.833753346479196,0.8422267232099001,0.8587730503731372,0.8476528649529624,0.8211117135249164,0.8289245551788434,0.8589614076763775,0.8313780984777415,0.847327791315446,0.8330131393298063,0.8491824759834834,0.8363705510766757,0.8332447546119355,0.8382933896362508,0.8430574348998862,0.8407962465928694,0.8373966496380196,0.8596631967316695,0.8370614241488402,0.8330388766123736,0.8369835179736806,0.7900705827885874,0.8263109384787329,0.8361657372588439,0.8413978018120831,0.8408511921183927,0.8410780891593568,0.8548232271965089,0.8310417580870834,0.8482477886710242,0.8203693544615186,0.8435049776023689,0.7757789000652051,0.8470080480302169,0.8398044517066088,0.7855494623533341,0.8338330667422251,0.8486293524879074,0.8466548092024961,0.8372428251547533,0.8346781132193588,0.7896705018925133,0.8412602499400487,0.8277760380415866,0.8499891053705434,0.8397641251528837,0.8380023249793356,0.8529083942692735,0.8364111076769444,0.8397857402220149,0.8357363854513151,0.017286151784392613,29
0.4680376672744751,0.010628544099567866,0.043289046287536624,0.0010264608569302892,SAMME,0.01,50,"{'algorithm': 'SAMME', 'learning_rate': 0.01, 'n_estimators': 50}",0.7612995944621568,0.767820984268701,0.7831774697539842,0.7558316165833707,0.758960293253104,0.7829898893390334,0.779570547270221,0.7601321786455928,0.7744855304189209,0.791670204723865,0.7740638585796042,0.7626744149077609,0.7676103445950291,0.7692126913262881,0.7681493780475155,0.7688931946063386,0.7651704899416276,0.7758468114646047,0.7604032343621223,0.7636847285333888,0.7675011918738032,0.7003702619822448,0.785953768853642,0.7633818240964467,0.7686146093993154,0.77150217673821,0.7645770791173033,0.7706247898267884,0.7586625700313857,0.7722258299616144,0.768151319350474,0.7941991684791063,0.6918759253075828,0.7947232481916334,0.7612312791783382,0.7208325468536283,0.766540060321385,0.7591682640718712,0.772548434739069,0.7650778497077847,0.7634867229783484,0.6991148884601278,0.7669605334933373,0.7603242641976189,0.7720660654632224,0.7680755723418419,0.7599907827638431,0.7741970586164583,0.7640943820023682,0.7673373882145452,0.7641011462339313,0.020283483858754205,30
